user_id,mood,taken_at
10,happy,2025-10-10T11:09:20
11,neutral,2025-10-20T16:52:16
23,stressed,2025-10-28T21:20:01
31,focused,2025-10-22T07:40:41
34,tired,2025-10-27T05:05:08
14,tired,2025-10-18T23:24:16
50,stressed,2025-10-04T20:55:19
53,stressed,2025-10-11T17:52:34
45,focused,2025-10-05T14:29:50
20,focused,2025-10-22T13:50:34
22,happy,2025-10-03T07:47:09
17,tired,2025-10-27T05:14:32
14,calm,2025-10-16T08:52:33
7,tired,2025-10-02T18:23:30
34,stressed,2025-10-11T08:36:31
31,happy,2025-10-02T23:31:07
60,stressed,2025-10-08T19:58:08
27,stressed,2025-10-26T18:02:57
12,energetic,2025-10-06T00:53:26
53,tired,2025-10-03T17:08:25
49,stressed,2025-10-21T05:45:41
29,happy,2025-10-24T04:30:00
15,neutral,2025-10-19T21:47:05
30,happy,2025-10-17T10:51:25
53,focused,2025-10-10T02:33:30
21,focused,2025-10-20T21:30:52
52,stressed,2025-10-22T01:23:44
58,calm,2025-10-06T07:05:25
26,neutral,2025-10-05T11:43:27
23,happy,2025-10-03T08:41:14
32,stressed,2025-10-11T17:38:58
20,stressed,2025-10-08T15:22:06
16,tired,2025-10-07T20:22:47
14,tired,2025-10-29T14:05:38
8,calm,2025-10-15T21:48:43
41,tired,2025-10-18T23:00:43
38,neutral,2025-10-26T00:19:02
41,happy,2025-10-21T16:16:09
1,energetic,2025-10-14T00:38:34
19,calm,2025-10-15T00:30:07
6,happy,2025-10-21T04:49:11
16,neutral,2025-10-10T04:24:31
32,focused,2025-10-27T03:35:04
49,stressed,2025-10-26T22:29:33
6,happy,2025-10-27T22:29:48
7,happy,2025-10-05T16:44:59
31,happy,2025-10-01T08:45:57
58,calm,2025-10-29T10:09:09
27,tired,2025-10-08T05:48:08
21,tired,2025-10-26T11:32:46
9,neutral,2025-10-06T03:49:34
48,focused,2025-10-23T07:00:08
40,stressed,2025-10-13T04:56:59
58,happy,2025-10-28T00:13:35
48,focused,2025-10-24T12:32:32
15,energetic,2025-10-02T16:18:45
20,tired,2025-10-19T07:01:10
10,stressed,2025-10-15T15:09:59
36,stressed,2025-10-23T20:13:44
53,stressed,2025-10-19T09:07:46
33,tired,2025-10-15T01:08:10
28,tired,2025-10-27T09:24:14
52,calm,2025-10-28T13:33:46
4,energetic,2025-10-29T17:19:23
60,stressed,2025-10-17T16:31:34
41,energetic,2025-10-10T21:28:52
20,happy,2025-10-09T11:06:43
59,neutral,2025-10-03T04:13:38
39,energetic,2025-10-19T10:46:59
26,happy,2025-10-03T19:02:09
8,tired,2025-10-29T16:39:18
30,calm,2025-10-05T22:48:49
51,calm,2025-10-25T01:51:29
10,happy,2025-10-19T07:56:15
10,focused,2025-10-21T16:56:14
2,tired,2025-10-09T20:27:20
26,calm,2025-10-06T08:00:32
52,calm,2025-10-04T18:51:42
34,neutral,2025-10-12T11:45:02
48,energetic,2025-10-29T02:32:46
